first_name,last_name,salary,age,doj,manager_name,employee_id,dob
'Mickey','Mouse',10000,21,2023-06-14,'Sponge',0,2002-01-01
'Minnie','Pink',20000,22,2023-05-15,'Bob',1,2001-01-01
'Donald','Duck,30000,23,2023-04-15,'Square',2,2000-02-02
'Daisy','Yellow',40000,24,2023-03-16,'Pants',3,1999-03-03
'Goofy','Dog',50000,25,2023-02-14,'Patrick',4,1998-04-04
'Pete','Cat',60000,26,2023-01-15,'Star',5,1997-05-05
'Pluto','White',70000,27,2022-12-16,'Squid',6,1996-06-06
'Huey','Red',80000,28,2022-11-16,'Ward',7,1995-07-07
'Dewey','Black',90000,29,2022-10-17,'Eugene',8,1994-08-08
'Louise','Brown',100000,30,2022-09-17,'Gary',9,1993-09-09
'Mickey','Mouse',10000,31,2022-08-18,'Sponge',10,1992-10-10
'Minnie','Pink',20000,32,2022-07-19,'Bob',11,1991-11-11
'Donald','Duck,30000,33,2022-06-19,'Square',12,1990-01-12
'Daisy','Yellow',40000,34,2022-05-20,'Pants',13,1989-01-13
'Goofy','Dog',50000,35,2022-04-20,'Patrick',14,1988-02-14
'Pete','Cat',60000,36,2022-03-21,'Star',15,1987-03-15
'Pluto','White',70000,37,2022-02-19,'Squid',16,1986-04-16
'Huey','Red',80000,38,2022-01-20,'Ward',17,1985-05-17
'Dewey','Black',90000,39,2021-12-21,'Eugene',18,1984-06-18
'Louise','Brown',100000,40,2021-11-21,'Gary',19,1983-07-19
'Mickey','Mouse',10000,41,2021-10-22,'Sponge',20,1982-08-20
'Minnie','Pink',20000,42,2021-09-22,'Bob',21,1981-09-21
'Donald','Duck,30000,43,2021-08-23,'Square',22,1980-10-22
'Daisy','Yellow',40000,44,2021-07-24,'Pants',23,1979-11-23
'Goofy','Dog',50000,45,2021-06-24,'Patrick',24,1978-01-24
'Pete','Cat',60000,46,2021-05-25,'Star',25,1977-01-25
'Pluto','White',70000,47,2021-04-25,'Squid',26,1976-02-26
'Huey','Red',80000,48,2021-03-26,'Ward',27,1975-03-27
'Dewey','Black',90000,49,2021-02-24,'Eugene',28,1974-04-28
'Louise','Brown',100000,50,2021-01-25,'Gary',29,1973-05-29
'Mickey','Mouse',10000,51,2020-12-26,'Sponge',30,1972-06-30
'Minnie','Pink',20000,52,2020-11-26,'Bob',31,1971-07-01
'Donald','Duck,30000,53,2020-10-27,'Square',32,1970-08-01
'Daisy','Yellow',40000,54,2020-09-27,'Pants',33,1969-09-02
'Goofy','Dog',50000,55,2020-08-28,'Patrick',34,1968-10-03
'Pete','Cat',60000,56,2020-07-29,'Star',35,1967-11-04
'Pluto','White',70000,57,2020-06-29,'Squid',36,1966-01-05
'Huey','Red',80000,58,2020-05-30,'Ward',37,1965-01-06
'Dewey','Black',90000,59,2020-04-30,'Eugene',38,1964-02-07
'Louise','Brown',100000,60,2020-03-31,'Gary',39,1963-03-08
'Mickey','Mouse',10000,21,2023-05-26,'Sponge',40,2002-04-09
'Minnie','Pink',20000,22,2023-05-26,'Bob',41,2001-05-10
'Donald','Duck,30000,23,2023-05-26,'Square',42,2000-06-11
'Daisy','Yellow',40000,24,2023-05-26,'Pants',43,1999-07-12
'Goofy','Dog',50000,25,2019-11-02,'Patrick',44,1998-08-13
'Pete','Cat',60000,26,2019-10-03,'Star',45,1997-09-14
'Pluto','White',70000,27,2019-09-03,'Squid',46,1996-10-15
'Huey','Red',80000,28,2019-08-04,'Ward',47,1995-11-16
'Dewey','Black',90000,29,2019-07-05,'Eugene',48,1994-01-17
'Louise','Brown',100000,30,2019-06-05,'Gary',49,1993-01-18
'Mickey','Mouse',10000,31,2019-05-06,'Sponge',50,1992-02-19
'Minnie','Pink',20000,32,2019-04-06,'Bob',51,1991-03-20
'Donald','Duck,30000,33,2019-03-07,'Square',52,1990-04-21
'Daisy','Yellow',40000,34,2019-02-05,'Pants',53,1989-05-22
'Goofy','Dog',50000,35,2019-01-06,'Patrick',54,1988-06-23
'Pete','Cat',60000,36,2018-12-07,'Star',55,1987-07-24
'Pluto','White',70000,37,2018-11-07,'Squid',56,1986-08-25
'Huey','Red',80000,38,2018-10-08,'Ward',57,1985-09-26
'Dewey','Black',90000,39,2018-09-08,'Eugene',58,1984-10-27
'Louise','Brown',100000,40,2018-08-09,'Gary',59,1983-11-28
'Mickey','Mouse',10000,41,2018-07-10,'Sponge',60,1982-01-29
'Minnie','Pink',20000,42,2018-06-10,'Bob',61,1981-01-30
'Donald','Duck,30000,43,2018-05-11,'Square',62,1980-02-01
'Daisy','Yellow',40000,44,2018-04-11,'Pants',63,1979-03-01
'Goofy','Dog',50000,45,2018-03-12,'Patrick',64,1978-04-02
'Pete','Cat',60000,46,2018-02-10,'Star',65,1977-05-03
'Pluto','White',70000,47,2018-01-11,'Squid',66,1976-06-04
'Huey','Red',80000,48,2017-12-12,'Ward',67,1975-07-05
'Dewey','Black',90000,49,2017-11-12,'Eugene',68,1974-08-06
'Louise','Brown',100000,50,2017-10-13,'Gary',69,1973-09-07
'Mickey','Mouse',10000,51,2017-09-13,'Sponge',70,1972-10-08
'Minnie','Pink',20000,52,2017-08-14,'Bob',71,1971-11-09
'Donald','Duck,30000,53,2017-07-15,'Square',72,1970-01-10
'Daisy','Yellow',40000,54,2017-06-15,'Pants',73,1969-01-11
'Goofy','Dog',50000,55,2017-05-16,'Patrick',74,1968-02-12
'Pete','Cat',60000,56,2017-04-16,'Star',75,1967-03-13
'Pluto','White',70000,57,2017-03-17,'Squid',76,1966-04-14
'Huey','Red',80000,58,2017-02-15,'Ward',77,1965-05-15
'Dewey','Black',90000,59,2017-01-16,'Eugene',78,1964-06-16
'Louise','Brown',100000,60,2016-12-17,'Gary',79,1963-07-17
'Mickey','Mouse',10000,21,2023-05-26,'Sponge',80,2002-08-18
'Minnie','Pink',20000,22,2023-05-26,'Bob',81,2001-09-19
'Donald','Duck,30000,23,2023-05-26,'Square',82,2000-10-20
'Daisy','Yellow',40000,24,2023-05-26,'Pants',83,1999-11-21
'Goofy','Dog',50000,25,2023-05-26,'Patrick',84,1998-01-22
'Pete','Cat',60000,26,2023-05-26,'Star',85,1997-01-23
'Pluto','White',70000,27,2023-05-26,'Squid',86,1996-02-24
'Huey','Red',80000,28,2016-04-21,'Ward',87,1995-03-25
'Dewey','Black',90000,29,2016-03-22,'Eugene',88,1994-04-26
'Louise','Brown',100000,30,2016-02-21,'Gary',89,1993-05-27
'Mickey','Mouse',10000,31,2016-01-22,'Sponge',90,1992-06-28
'Minnie','Pink',20000,32,2015-12-23,'Bob',91,1991-07-29
'Donald','Duck,30000,33,2015-11-23,'Square',92,1990-08-30
'Daisy','Yellow',40000,34,2015-10-24,'Pants',93,1989-09-01
'Goofy','Dog',50000,35,2015-09-24,'Patrick',94,1988-10-01
'Pete','Cat',60000,36,2015-08-25,'Star',95,1987-11-02
'Pluto','White',70000,37,2015-07-26,'Squid',96,1986-01-03
'Huey','Red',80000,38,2015-06-26,'Ward',97,1985-01-04
'Dewey','Black',90000,39,2015-05-27,'Eugene',98,1984-02-05
'Louise','Brown',100000,40,2015-04-27,'Gary',99,1983-03-06
'Mickey','Mouse',10000,41,2015-03-28,'Sponge',100,1982-04-07
'Minnie','Pink',20000,42,2015-02-26,'Bob',101,1981-05-08
'Donald','Duck,30000,43,2015-01-27,'Square',102,1980-06-09
'Daisy','Yellow',40000,44,2014-12-28,'Pants',103,1979-07-10
'Goofy','Dog',50000,45,2014-11-28,'Patrick',104,1978-08-11
'Pete','Cat',60000,46,2014-10-29,'Star',105,1977-09-12
'Pluto','White',70000,47,2014-09-29,'Squid',106,1976-10-13
'Huey','Red',80000,48,2014-08-30,'Ward',107,1975-11-14
'Dewey','Black',90000,49,2014-07-31,'Eugene',108,1974-01-15
'Louise','Brown',100000,50,2014-07-01,'Gary',109,1973-01-16
'Mickey','Mouse',10000,51,2014-06-01,'Sponge',110,1972-02-17
'Minnie','Pink',20000,52,2014-05-02,'Bob',111,1971-03-18
'Donald','Duck,30000,53,2014-04-02,'Square',112,1970-04-19
'Daisy','Yellow',40000,54,2014-03-03,'Pants',113,1969-05-20
'Goofy','Dog',50000,55,2014-02-01,'Patrick',114,1968-06-21
'Pete','Cat',60000,56,2014-01-02,'Star',115,1967-07-22
'Pluto','White',70000,57,2013-12-03,'Squid',116,1966-08-23
'Huey','Red',80000,58,2013-11-03,'Ward',117,1965-09-24
'Dewey','Black',90000,59,2013-10-04,'Eugene',118,1964-10-25
'Louise','Brown',100000,60,2013-09-04,'Gary',119,1963-11-26
'Mickey','Mouse',10000,21,2023-05-26,'Sponge',120,2002-01-27
'Minnie','Pink',20000,22,2023-05-26,'Bob',121,2001-01-28
'Donald','Duck,30000,23,2023-05-26,'Square',122,2000-02-28
'Daisy','Yellow',40000,24,2023-05-26,'Pants',123,1999-03-30
'Goofy','Dog',50000,25,2023-05-26,'Patrick',124,1998-04-01
'Pete','Cat',60000,26,2023-05-26,'Star',125,1997-05-01
'Pluto','White',70000,27,2023-05-26,'Squid',126,1996-06-02
'Huey','Red',80000,28,2023-05-26,'Ward',127,1995-07-03
'Dewey','Black',90000,29,2023-05-26,'Eugene',128,1994-08-04
'Louise','Brown',100000,30,2023-05-26,'Gary',129,1993-09-05
'Mickey','Mouse',10000,31,2023-05-26,'Sponge',130,1992-10-06
'Minnie','Pink',20000,32,2012-09-09,'Bob',131,1991-11-07
'Donald','Duck,30000,33,2012-08-10,'Square',132,1990-01-08
'Daisy','Yellow',40000,34,2012-07-11,'Pants',133,1989-01-09
'Goofy','Dog',50000,35,2012-06-11,'Patrick',134,1988-02-10
'Pete','Cat',60000,36,2012-05-12,'Star',135,1987-03-11
'Pluto','White',70000,37,2012-04-12,'Squid',136,1986-04-12
'Huey','Red',80000,38,2012-03-13,'Ward',137,1985-05-13
'Dewey','Black',90000,39,2012-02-12,'Eugene',138,1984-06-14
'Louise','Brown',100000,40,2012-01-13,'Gary',139,1983-07-15
'Mickey','Mouse',10000,41,2011-12-14,'Sponge',140,1982-08-16
'Minnie','Pink',20000,42,2011-11-14,'Bob',141,1981-09-17
'Donald','Duck,30000,43,2011-10-15,'Square',142,1980-10-18
'Daisy','Yellow',40000,44,2011-09-15,'Pants',143,1979-11-19
'Goofy','Dog',50000,45,2011-08-16,'Patrick',144,1978-01-20
'Pete','Cat',60000,46,2011-07-17,'Star',145,1977-01-21
'Pluto','White',70000,47,2011-06-17,'Squid',146,1976-02-22
'Huey','Red',80000,48,2011-05-18,'Ward',147,1975-03-23
'Dewey','Black',90000,49,2011-04-18,'Eugene',148,1974-04-24
'Louise','Brown',100000,50,2011-03-19,'Gary',149,1973-05-25
'Mickey','Mouse',10000,51,2011-02-17,'Sponge',150,1972-06-26
'Minnie','Pink',20000,52,2011-01-18,'Bob',151,1971-07-27
'Donald','Duck,30000,53,2010-12-19,'Square',152,1970-08-28
'Daisy','Yellow',40000,54,2010-11-19,'Pants',153,1969-09-29
'Goofy','Dog',50000,55,2010-10-20,'Patrick',154,1968-10-30
'Pete','Cat',60000,56,2010-09-20,'Star',155,1967-11-01
'Pluto','White',70000,57,2010-08-21,'Squid',156,1966-01-01
'Huey','Red',80000,58,2010-07-22,'Ward',157,1965-01-02
'Dewey','Black',90000,59,2010-06-22,'Eugene',158,1964-02-03
'Louise','Brown',100000,60,2010-05-23,'Gary',159,1963-03-04
'Mickey','Mouse',10000,21,2023-05-26,'Sponge',160,2002-04-05
'Minnie','Pink',20000,22,2023-05-26,'Bob',161,2001-05-06
'Donald','Duck,30000,23,2023-05-26,'Square',162,2000-06-07
'Daisy','Yellow',40000,24,2023-05-26,'Pants',163,1999-07-08
'Goofy','Dog',50000,25,2023-05-26,'Patrick',164,1998-08-09
'Pete','Cat',60000,26,2023-05-26,'Star',165,1997-09-10
'Pluto','White',70000,27,2023-05-26,'Squid',166,1996-10-11
'Huey','Red',80000,28,2023-05-26,'Ward',167,1995-11-12
'Dewey','Black',90000,29,2023-05-26,'Eugene',168,1994-01-13
'Louise','Brown',100000,30,2023-05-26,'Gary',169,1993-01-14
'Mickey','Mouse',10000,31,2023-05-26,'Sponge',170,1992-02-15
'Minnie','Pink',20000,32,2023-05-26,'Bob',171,1991-03-16
'Donald','Duck,30000,33,2023-05-26,'Square',172,1990-04-17
'Daisy','Yellow',40000,34,2023-05-26,'Pants',173,1989-05-18
'Goofy','Dog',50000,35,2009-02-27,'Patrick',174,1988-06-19
'Pete','Cat',60000,36,2009-01-28,'Star',175,1987-07-20
'Pluto','White',70000,37,2008-12-29,'Squid',176,1986-08-21
'Huey','Red',80000,38,2008-11-29,'Ward',177,1985-09-22
'Dewey','Black',90000,39,2008-10-30,'Eugene',178,1984-10-23
'Louise','Brown',100000,40,2008-09-30,'Gary',179,1983-11-24
'Mickey','Mouse',10000,41,2008-08-31,'Sponge',180,1982-01-25
'Minnie','Pink',20000,42,2008-08-01,'Bob',181,1981-01-26
'Donald','Duck,30000,43,2008-07-02,'Square',182,1980-02-27
'Daisy','Yellow',40000,44,2008-06-02,'Pants',183,1979-03-28
'Goofy','Dog',50000,45,2008-05-03,'Patrick',184,1978-04-29
'Pete','Cat',60000,46,2008-04-03,'Star',185,1977-05-30
'Pluto','White',70000,47,2008-03-04,'Squid',186,1976-06-01
'Huey','Red',80000,48,2008-02-03,'Ward',187,1975-07-01
'Dewey','Black',90000,49,2008-01-04,'Eugene',188,1974-08-02
'Louise','Brown',100000,50,2007-12-05,'Gary',189,1973-09-03
'Mickey','Mouse',10000,51,2007-11-05,'Sponge',190,1972-10-04
'Minnie','Pink',20000,52,2007-10-06,'Bob',191,1971-11-05
'Donald','Duck,30000,53,2007-09-06,'Square',192,1970-01-06
'Daisy','Yellow',40000,54,2007-08-07,'Pants',193,1969-01-07
'Goofy','Dog',50000,55,2007-07-08,'Patrick',194,1968-02-08
'Pete','Cat',60000,56,2007-06-08,'Star',195,1967-03-09
'Pluto','White',70000,57,2007-05-09,'Squid',196,1966-04-10
'Huey','Red',80000,58,2007-04-09,'Ward',197,1965-05-11
'Dewey','Black',90000,59,2007-03-10,'Eugene',198,1964-06-12
'Louise','Brown',100000,60,2007-02-08,'Gary',199,1963-07-13
'Mickey','Mouse',10000,21,2023-05-26,'Sponge',200,2002-08-14
'Minnie','Pink',20000,22,2023-05-26,'Bob',201,2001-09-15
'Donald','Duck,30000,23,2023-05-26,'Square',202,2000-10-16
'Daisy','Yellow',40000,24,2023-05-26,'Pants',203,1999-11-17
'Goofy','Dog',50000,25,2023-05-26,'Patrick',204,1998-01-18
'Pete','Cat',60000,26,2023-05-26,'Star',205,1997-01-19
'Pluto','White',70000,27,2023-05-26,'Squid',206,1996-02-20
'Huey','Red',80000,28,2023-05-26,'Ward',207,1995-03-21
'Dewey','Black',90000,29,2023-05-26,'Eugene',208,1994-04-22
'Louise','Brown',100000,30,2023-05-26,'Gary',209,1993-05-23
'Mickey','Mouse',10000,31,2023-05-26,'Sponge',210,1992-06-24
'Minnie','Pink',20000,32,2023-05-26,'Bob',211,1991-07-25
'Donald','Duck,30000,33,2023-05-26,'Square',212,1990-08-26
'Daisy','Yellow',40000,34,2023-05-26,'Pants',213,1989-09-27
'Goofy','Dog',50000,35,2023-05-26,'Patrick',214,1988-10-28
'Pete','Cat',60000,36,2023-05-26,'Star',215,1987-11-29
'Pluto','White',70000,37,2023-05-26,'Squid',216,1986-01-30
'Huey','Red',80000,38,2023-05-26,'Ward',217,1985-01-01
'Dewey','Black',90000,39,2005-07-18,'Eugene',218,1984-02-01
'Louise','Brown',100000,40,2005-06-18,'Gary',219,1983-03-02
'Mickey','Mouse',10000,41,2005-05-19,'Sponge',220,1982-04-03
'Minnie','Pink',20000,42,2005-04-19,'Bob',221,1981-05-04
'Donald','Duck,30000,43,2005-03-20,'Square',222,1980-06-05
'Daisy','Yellow',40000,44,2005-02-18,'Pants',223,1979-07-06
'Goofy','Dog',50000,45,2005-01-19,'Patrick',224,1978-08-07
'Pete','Cat',60000,46,2004-12-20,'Star',225,1977-09-08
'Pluto','White',70000,47,2004-11-20,'Squid',226,1976-10-09
'Huey','Red',80000,48,2004-10-21,'Ward',227,1975-11-10
'Dewey','Black',90000,49,2004-09-21,'Eugene',228,1974-01-11
'Louise','Brown',100000,50,2004-08-22,'Gary',229,1973-01-12
'Mickey','Mouse',10000,51,2004-07-23,'Sponge',230,1972-02-13
'Minnie','Pink',20000,52,2004-06-23,'Bob',231,1971-03-14
'Donald','Duck,30000,53,2004-05-24,'Square',232,1970-04-15
'Daisy','Yellow',40000,54,2004-04-24,'Pants',233,1969-05-16
'Goofy','Dog',50000,55,2004-03-25,'Patrick',234,1968-06-17
'Pete','Cat',60000,56,2004-02-24,'Star',235,1967-07-18
'Pluto','White',70000,57,2004-01-25,'Squid',236,1966-08-19
'Huey','Red',80000,58,2003-12-26,'Ward',237,1965-09-20
'Dewey','Black',90000,59,2003-11-26,'Eugene',238,1964-10-21
'Louise','Brown',100000,60,2003-10-27,'Gary',239,1963-11-22
'Mickey','Mouse',10000,21,2023-05-26,'Sponge',240,2002-01-23
'Minnie','Pink',20000,22,2023-05-26,'Bob',241,2001-01-24
'Donald','Duck,30000,23,2023-05-26,'Square',242,2000-02-25
'Daisy','Yellow',40000,24,2023-05-26,'Pants',243,1999-03-26
'Goofy','Dog',50000,25,2023-05-26,'Patrick',244,1998-04-27
'Pete','Cat',60000,26,2023-05-26,'Star',245,1997-05-28
'Pluto','White',70000,27,2023-05-26,'Squid',246,1996-06-29
'Huey','Red',80000,28,2023-05-26,'Ward',247,1995-07-30
'Dewey','Black',90000,29,2023-05-26,'Eugene',248,1994-08-01
'Louise','Brown',100000,30,2023-05-26,'Gary',249,1993-09-01
'Mickey','Mouse',10000,31,2023-05-26,'Sponge',250,1992-10-02
'Minnie','Pink',20000,32,2023-05-26,'Bob',251,1991-11-03
'Donald','Duck,30000,33,2023-05-26,'Square',252,1990-01-04
'Daisy','Yellow',40000,34,2023-05-26,'Pants',253,1989-01-05
'Goofy','Dog',50000,35,2023-05-26,'Patrick',254,1988-02-06
'Pete','Cat',60000,36,2023-05-26,'Star',255,1987-03-07
'Pluto','White',70000,37,2023-05-26,'Squid',256,1986-04-08
'Huey','Red',80000,38,2023-05-26,'Ward',257,1985-05-09
'Dewey','Black',90000,39,2023-05-26,'Eugene',258,1984-06-10
'Louise','Brown',100000,40,2023-05-26,'Gary',259,1983-07-11
'Mickey','Mouse',10000,41,2023-05-26,'Sponge',260,1982-08-12
'Minnie','Pink',20000,42,2002-01-05,'Bob',261,1981-09-13
'Donald','Duck,30000,43,2001-12-06,'Square',262,1980-10-14
'Daisy','Yellow',40000,44,2001-11-06,'Pants',263,1979-11-15
'Goofy','Dog',50000,45,2001-10-07,'Patrick',264,1978-01-16
'Pete','Cat',60000,46,2001-09-07,'Star',265,1977-01-17
'Pluto','White',70000,47,2001-08-08,'Squid',266,1976-02-18
'Huey','Red',80000,48,2001-07-09,'Ward',267,1975-03-19
'Dewey','Black',90000,49,2001-06-09,'Eugene',268,1974-04-20
'Louise','Brown',100000,50,2001-05-10,'Gary',269,1973-05-21
'Mickey','Mouse',10000,51,2001-04-10,'Sponge',270,1972-06-22
'Minnie','Pink',20000,52,2001-03-11,'Bob',271,1971-07-23
'Donald','Duck,30000,53,2001-02-09,'Square',272,1970-08-24
'Daisy','Yellow',40000,54,2001-01-10,'Pants',273,1969-09-25
'Goofy','Dog',50000,55,2000-12-11,'Patrick',274,1968-10-26
'Pete','Cat',60000,56,2000-11-11,'Star',275,1967-11-27
'Pluto','White',70000,57,2000-10-12,'Squid',276,1966-01-28
'Huey','Red',80000,58,2000-09-12,'Ward',277,1965-01-29
'Dewey','Black',90000,59,2000-08-13,'Eugene',278,1964-02-28
'Louise','Brown',100000,60,2000-07-14,'Gary',279,1963-03-01
'Mickey','Mouse',10000,21,2023-05-26,'Sponge',280,2002-04-01
'Minnie','Pink',20000,22,2023-05-26,'Bob',281,2001-05-02
'Donald','Duck,30000,23,2023-05-26,'Square',282,2000-06-03
'Daisy','Yellow',40000,24,2023-05-26,'Pants',283,1999-07-04
'Goofy','Dog',50000,25,2023-05-26,'Patrick',284,1998-08-05
'Pete','Cat',60000,26,2023-05-26,'Star',285,1997-09-06
'Pluto','White',70000,27,2023-05-26,'Squid',286,1996-10-07
'Huey','Red',80000,28,2023-05-26,'Ward',287,1995-11-08
'Dewey','Black',90000,29,2023-05-26,'Eugene',288,1994-01-09
'Louise','Brown',100000,30,2023-05-26,'Gary',289,1993-01-10
'Mickey','Mouse',10000,31,2023-05-26,'Sponge',290,1992-02-11
'Minnie','Pink',20000,32,2023-05-26,'Bob',291,1991-03-12
'Donald','Duck,30000,33,2023-05-26,'Square',292,1990-04-13
'Daisy','Yellow',40000,34,2023-05-26,'Pants',293,1989-05-14
'Goofy','Dog',50000,35,2023-05-26,'Patrick',294,1988-06-15
'Pete','Cat',60000,36,2023-05-26,'Star',295,1987-07-16
'Pluto','White',70000,37,2023-05-26,'Squid',296,1986-08-17
'Huey','Red',80000,38,2023-05-26,'Ward',297,1985-09-18
'Dewey','Black',90000,39,2023-05-26,'Eugene',298,1984-10-19
'Louise','Brown',100000,40,2023-05-26,'Gary',299,1983-11-20
'Mickey','Mouse',10000,41,2023-05-26,'Sponge',300,1982-01-21
'Minnie','Pink',20000,42,2023-05-26,'Bob',301,1981-01-22
'Donald','Duck,30000,43,2023-05-26,'Square',302,1980-02-23
'Daisy','Yellow',40000,44,2023-05-26,'Pants',303,1979-03-24
'Goofy','Dog',50000,45,2023-05-26,'Patrick',304,1978-04-25
'Pete','Cat',60000,46,1998-05-26,'Star',305,1977-05-26
'Pluto','White',70000,47,1998-04-26,'Squid',306,1976-06-27
'Huey','Red',80000,48,1998-03-27,'Ward',307,1975-07-28
'Dewey','Black',90000,49,1998-02-25,'Eugene',308,1974-08-29
'Louise','Brown',100000,50,1998-01-26,'Gary',309,1973-09-30
'Mickey','Mouse',10000,51,1997-12-27,'Sponge',310,1972-10-01
'Minnie','Pink',20000,52,1997-11-27,'Bob',311,1971-11-01
'Donald','Duck,30000,53,1997-10-28,'Square',312,1970-01-02
'Daisy','Yellow',40000,54,1997-09-28,'Pants',313,1969-01-03
'Goofy','Dog',50000,55,1997-08-29,'Patrick',314,1968-02-04
'Pete','Cat',60000,56,1997-07-30,'Star',315,1967-03-05
'Pluto','White',70000,57,1997-06-30,'Squid',316,1966-04-06
'Huey','Red',80000,58,1997-05-31,'Ward',317,1965-05-07
'Dewey','Black',90000,59,1997-05-01,'Eugene',318,1964-06-08
'Louise','Brown',100000,60,1997-04-01,'Gary',319,1963-07-09
'Mickey','Mouse',10000,21,2023-05-26,'Sponge',320,2002-08-10
'Minnie','Pink',20000,22,2023-05-26,'Bob',321,2001-09-11
'Donald','Duck,30000,23,2023-05-26,'Square',322,2000-10-12
'Daisy','Yellow',40000,24,2023-05-26,'Pants',323,1999-11-13
'Goofy','Dog',50000,25,2023-05-26,'Patrick',324,1998-01-14
'Pete','Cat',60000,26,2023-05-26,'Star',325,1997-01-15
'Pluto','White',70000,27,2023-05-26,'Squid',326,1996-02-16
'Huey','Red',80000,28,2023-05-26,'Ward',327,1995-03-17
'Dewey','Black',90000,29,2023-05-26,'Eugene',328,1994-04-18
'Louise','Brown',100000,30,2023-05-26,'Gary',329,1993-05-19
'Mickey','Mouse',10000,31,2023-05-26,'Sponge',330,1992-06-20
'Minnie','Pink',20000,32,2023-05-26,'Bob',331,1991-07-21
'Donald','Duck,30000,33,2023-05-26,'Square',332,1990-08-22
'Daisy','Yellow',40000,34,2023-05-26,'Pants',333,1989-09-23
'Goofy','Dog',50000,35,2023-05-26,'Patrick',334,1988-10-24
'Pete','Cat',60000,36,2023-05-26,'Star',335,1987-11-25
'Pluto','White',70000,37,2023-05-26,'Squid',336,1986-01-26
'Huey','Red',80000,38,2023-05-26,'Ward',337,1985-01-27
'Dewey','Black',90000,39,2023-05-26,'Eugene',338,1984-02-28
'Louise','Brown',100000,40,2023-05-26,'Gary',339,1983-03-29
'Mickey','Mouse',10000,41,2023-05-26,'Sponge',340,1982-04-30
'Minnie','Pink',20000,42,2023-05-26,'Bob',341,1981-05-01
'Donald','Duck,30000,43,2023-05-26,'Square',342,1980-06-01
'Daisy','Yellow',40000,44,2023-05-26,'Pants',343,1979-07-02
'Goofy','Dog',50000,45,2023-05-26,'Patrick',344,1978-08-03
'Pete','Cat',60000,46,2023-05-26,'Star',345,1977-09-04
'Pluto','White',70000,47,2023-05-26,'Squid',346,1976-10-05
'Huey','Red',80000,48,2023-05-26,'Ward',347,1975-11-06
'Dewey','Black',90000,49,2023-04-26,'Eugene',348,1974-01-07
'Louise','Brown',100000,50,2023-03-27,'Gary',349,1973-01-08
'Mickey','Mouse',10000,51,2023-02-25,'Sponge',350,1972-02-09
'Minnie','Pink',20000,52,2023-01-26,'Bob',351,1971-03-10
'Donald','Duck,30000,53,2022-12-27,'Square',352,1970-04-11
'Daisy','Yellow',40000,54,2022-11-27,'Pants',353,1969-05-12
'Goofy','Dog',50000,55,2022-10-28,'Patrick',354,1968-06-13
'Pete','Cat',60000,56,2022-09-28,'Star',355,1967-07-14
'Pluto','White',70000,57,2022-08-29,'Squid',356,1966-08-15
'Huey','Red',80000,58,2022-07-30,'Ward',357,1965-09-16
'Dewey','Black',90000,59,2022-06-30,'Eugene',358,1964-10-17
'Louise','Brown',100000,60,2022-05-31,'Gary',359,1963-11-18
'Mickey','Mouse',10000,21,2023-06-06,'Sponge',360,2002-01-19
'Minnie','Pink',20000,22,2022-04-01,'Bob',361,2001-01-20
'Donald','Duck,30000,23,2022-03-02,'Square',362,2000-02-21
'Daisy','Yellow',40000,24,2022-01-31,'Pants',363,1999-03-22
'Goofy','Dog',50000,25,2022-01-01,'Patrick',364,1998-04-23
'Pete','Cat',60000,26,2021-12-02,'Star',365,1997-05-24
'Pluto','White',70000,27,2021-11-02,'Squid',366,1996-06-25
'Huey','Red',80000,28,2021-10-03,'Ward',367,1995-07-26
'Dewey','Black',90000,29,2021-09-03,'Eugene',368,1994-08-27
'Louise','Brown',100000,30,2021-08-04,'Gary',369,1993-09-28
'Mickey','Mouse',10000,31,2021-07-05,'Sponge',370,1992-10-29
'Minnie','Pink',20000,32,2021-06-05,'Bob',371,1991-11-30
'Donald','Duck,30000,33,2021-05-06,'Square',372,1990-01-01
'Daisy','Yellow',40000,34,2021-04-06,'Pants',373,1989-01-01
'Goofy','Dog',50000,35,2021-03-07,'Patrick',374,1988-02-02
'Pete','Cat',60000,36,2021-02-05,'Star',375,1987-03-03
'Pluto','White',70000,37,2021-01-06,'Squid',376,1986-04-04
'Huey','Red',80000,38,2020-12-07,'Ward',377,1985-05-05
'Dewey','Black',90000,39,2020-11-07,'Eugene',378,1984-06-06
'Louise','Brown',100000,40,2020-10-08,'Gary',379,1983-07-07
'Mickey','Mouse',10000,41,2020-09-08,'Sponge',380,1982-08-08
'Minnie','Pink',20000,42,2020-08-09,'Bob',381,1981-09-09
'Donald','Duck,30000,43,2020-07-10,'Square',382,1980-10-10
'Daisy','Yellow',40000,44,2020-06-10,'Pants',383,1979-11-11
'Goofy','Dog',50000,45,2020-05-11,'Patrick',384,1978-01-12
'Pete','Cat',60000,46,2020-04-11,'Star',385,1977-01-13
'Pluto','White',70000,47,2020-03-12,'Squid',386,1976-02-14
'Huey','Red',80000,48,2020-02-11,'Ward',387,1975-03-15
'Dewey','Black',90000,49,2020-01-12,'Eugene',388,1974-04-16
'Louise','Brown',100000,50,2019-12-13,'Gary',389,1973-05-17
'Mickey','Mouse',10000,51,2019-11-13,'Sponge',390,1972-06-18
'Minnie','Pink',20000,52,2019-10-14,'Bob',391,1971-07-19
'Donald','Duck,30000,53,2019-09-14,'Square',392,1970-08-20
'Daisy','Yellow',40000,54,2019-08-15,'Pants',393,1969-09-21
'Goofy','Dog',50000,55,2019-07-16,'Patrick',394,1968-10-22
'Pete','Cat',60000,56,2019-06-16,'Star',395,1967-11-23
'Pluto','White',70000,57,2019-05-17,'Squid',396,1966-01-24
'Huey','Red',80000,58,2019-04-17,'Ward',397,1965-01-25
'Dewey','Black',90000,59,2019-03-18,'Eugene',398,1964-02-26
'Louise','Brown',100000,60,2019-02-16,'Gary',399,1963-03-27
'Mickey','Mouse',10000,21,2023-06-06,'Sponge',400,2002-04-28
'Minnie','Pink',20000,22,2023-06-06,'Bob',401,2001-05-29
'Donald','Duck,30000,23,2023-06-06,'Square',402,2000-06-30
'Daisy','Yellow',40000,24,2023-06-06,'Pants',403,1999-07-01
'Goofy','Dog',50000,25,2023-06-06,'Patrick',404,1998-08-01
'Pete','Cat',60000,26,2018-08-20,'Star',405,1997-09-02
'Pluto','White',70000,27,2018-07-21,'Squid',406,1996-10-03
'Huey','Red',80000,28,2018-06-21,'Ward',407,1995-11-04
'Dewey','Black',90000,29,2018-05-22,'Eugene',408,1994-01-05
'Louise','Brown',100000,30,2018-04-22,'Gary',409,1993-01-06
'Mickey','Mouse',10000,31,2018-03-23,'Sponge',410,1992-02-07
'Minnie','Pink',20000,32,2018-02-21,'Bob',411,1991-03-08
'Donald','Duck,30000,33,2018-01-22,'Square',412,1990-04-09
'Daisy','Yellow',40000,34,2017-12-23,'Pants',413,1989-05-10
'Goofy','Dog',50000,35,2017-11-23,'Patrick',414,1988-06-11
'Pete','Cat',60000,36,2017-10-24,'Star',415,1987-07-12
'Pluto','White',70000,37,2017-09-24,'Squid',416,1986-08-13
'Huey','Red',80000,38,2017-08-25,'Ward',417,1985-09-14
'Dewey','Black',90000,39,2017-07-26,'Eugene',418,1984-10-15
'Louise','Brown',100000,40,2017-06-26,'Gary',419,1983-11-16
'Mickey','Mouse',10000,41,2017-05-27,'Sponge',420,1982-01-17
'Minnie','Pink',20000,42,2017-04-27,'Bob',421,1981-01-18
'Donald','Duck,30000,43,2017-03-28,'Square',422,1980-02-19
'Daisy','Yellow',40000,44,2017-02-26,'Pants',423,1979-03-20
'Goofy','Dog',50000,45,2017-01-27,'Patrick',424,1978-04-21
'Pete','Cat',60000,46,2016-12-28,'Star',425,1977-05-22
'Pluto','White',70000,47,2016-11-28,'Squid',426,1976-06-23
'Huey','Red',80000,48,2016-10-29,'Ward',427,1975-07-24
'Dewey','Black',90000,49,2016-09-29,'Eugene',428,1974-08-25
'Louise','Brown',100000,50,2016-08-30,'Gary',429,1973-09-26
'Mickey','Mouse',10000,51,2016-07-31,'Sponge',430,1972-10-27
'Minnie','Pink',20000,52,2016-07-01,'Bob',431,1971-11-28
'Donald','Duck,30000,53,2016-06-01,'Square',432,1970-01-29
'Daisy','Yellow',40000,54,2016-05-02,'Pants',433,1969-01-30
'Goofy','Dog',50000,55,2016-04-02,'Patrick',434,1968-02-01
'Pete','Cat',60000,56,2016-03-03,'Star',435,1967-03-01
'Pluto','White',70000,57,2016-02-02,'Squid',436,1966-04-02
'Huey','Red',80000,58,2016-01-03,'Ward',437,1965-05-03
'Dewey','Black',90000,59,2015-12-04,'Eugene',438,1964-06-04
'Louise','Brown',100000,60,2015-11-04,'Gary',439,1963-07-05
'Mickey','Mouse',10000,21,2023-06-06,'Sponge',440,2002-08-06
'Minnie','Pink',20000,22,2023-06-06,'Bob',441,2001-09-07
'Donald','Duck,30000,23,2023-06-06,'Square',442,2000-10-08
'Daisy','Yellow',40000,24,2023-06-06,'Pants',443,1999-11-09
'Goofy','Dog',50000,25,2023-06-06,'Patrick',444,1998-01-10
'Pete','Cat',60000,26,2023-06-06,'Star',445,1997-01-11
'Pluto','White',70000,27,2023-06-06,'Squid',446,1996-02-12
'Huey','Red',80000,28,2023-06-06,'Ward',447,1995-03-13
'Dewey','Black',90000,29,2015-02-07,'Eugene',448,1994-04-14
'Louise','Brown',100000,30,2015-01-08,'Gary',449,1993-05-15
'Mickey','Mouse',10000,31,2014-12-09,'Sponge',450,1992-06-16
'Minnie','Pink',20000,32,2014-11-09,'Bob',451,1991-07-17
'Donald','Duck,30000,33,2014-10-10,'Square',452,1990-08-18
'Daisy','Yellow',40000,34,2014-09-10,'Pants',453,1989-09-19
'Goofy','Dog',50000,35,2014-08-11,'Patrick',454,1988-10-20
'Pete','Cat',60000,36,2014-07-12,'Star',455,1987-11-21
'Pluto','White',70000,37,2014-06-12,'Squid',456,1986-01-22
'Huey','Red',80000,38,2014-05-13,'Ward',457,1985-01-23
'Dewey','Black',90000,39,2014-04-13,'Eugene',458,1984-02-24
'Louise','Brown',100000,40,2014-03-14,'Gary',459,1983-03-25
'Mickey','Mouse',10000,41,2014-02-12,'Sponge',460,1982-04-26
'Minnie','Pink',20000,42,2014-01-13,'Bob',461,1981-05-27
'Donald','Duck,30000,43,2013-12-14,'Square',462,1980-06-28
'Daisy','Yellow',40000,44,2013-11-14,'Pants',463,1979-07-29
'Goofy','Dog',50000,45,2013-10-15,'Patrick',464,1978-08-30
'Pete','Cat',60000,46,2013-09-15,'Star',465,1977-09-01
'Pluto','White',70000,47,2013-08-16,'Squid',466,1976-10-01
'Huey','Red',80000,48,2013-07-17,'Ward',467,1975-11-02
'Dewey','Black',90000,49,2013-06-17,'Eugene',468,1974-01-03
'Louise','Brown',100000,50,2013-05-18,'Gary',469,1973-01-04
'Mickey','Mouse',10000,51,2013-04-18,'Sponge',470,1972-02-05
'Minnie','Pink',20000,52,2013-03-19,'Bob',471,1971-03-06
'Donald','Duck,30000,53,2013-02-17,'Square',472,1970-04-07
'Daisy','Yellow',40000,54,2013-01-18,'Pants',473,1969-05-08
'Goofy','Dog',50000,55,2012-12-19,'Patrick',474,1968-06-09
'Pete','Cat',60000,56,2012-11-19,'Star',475,1967-07-10
'Pluto','White',70000,57,2012-10-20,'Squid',476,1966-08-11
'Huey','Red',80000,58,2012-09-20,'Ward',477,1965-09-12
'Dewey','Black',90000,59,2012-08-21,'Eugene',478,1964-10-13
'Louise','Brown',100000,60,2012-07-22,'Gary',479,1963-11-14
'Mickey','Mouse',10000,21,2023-06-06,'Sponge',480,2002-01-15
'Minnie','Pink',20000,22,2023-06-06,'Bob',481,2001-01-16
'Donald','Duck,30000,23,2023-06-06,'Square',482,2000-02-17
'Daisy','Yellow',40000,24,2023-06-06,'Pants',483,1999-03-18
'Goofy','Dog',50000,25,2023-06-06,'Patrick',484,1998-04-19
'Pete','Cat',60000,26,2023-06-06,'Star',485,1997-05-20
'Pluto','White',70000,27,2023-06-06,'Squid',486,1996-06-21
'Huey','Red',80000,28,2023-06-06,'Ward',487,1995-07-22
'Dewey','Black',90000,29,2023-06-06,'Eugene',488,1994-08-23
'Louise','Brown',100000,30,2023-06-06,'Gary',489,1993-09-24
'Mickey','Mouse',10000,31,2023-06-06,'Sponge',490,1992-10-25
'Minnie','Pink',20000,32,2023-06-06,'Bob',491,1991-11-26
'Donald','Duck,30000,33,2011-06-28,'Square',492,1990-01-27
'Daisy','Yellow',40000,34,2011-05-29,'Pants',493,1989-01-28
'Goofy','Dog',50000,35,2011-04-29,'Patrick',494,1988-02-28
'Pete','Cat',60000,36,2011-03-30,'Star',495,1987-03-30
'Pluto','White',70000,37,2011-02-28,'Squid',496,1986-04-01
'Huey','Red',80000,38,2011-01-29,'Ward',497,1985-05-01
'Dewey','Black',90000,39,2010-12-30,'Eugene',498,1984-06-02
'Louise','Brown',100000,40,2010-11-30,'Gary',499,1983-07-03
'Mickey','Mouse',10000,41,2010-10-31,'Sponge',500,1982-08-04
'Minnie','Pink',20000,42,2010-10-01,'Bob',501,1981-09-05
'Donald','Duck,30000,43,2010-09-01,'Square',502,1980-10-06
'Daisy','Yellow',40000,44,2010-08-02,'Pants',503,1979-11-07
'Goofy','Dog',50000,45,2010-07-03,'Patrick',504,1978-01-08
'Pete','Cat',60000,46,2010-06-03,'Star',505,1977-01-09
'Pluto','White',70000,47,2010-05-04,'Squid',506,1976-02-10
'Huey','Red',80000,48,2010-04-04,'Ward',507,1975-03-11
'Dewey','Black',90000,49,2010-03-05,'Eugene',508,1974-04-12
'Louise','Brown',100000,50,2010-02-03,'Gary',509,1973-05-13
'Mickey','Mouse',10000,51,2010-01-04,'Sponge',510,1972-06-14
'Minnie','Pink',20000,52,2009-12-05,'Bob',511,1971-07-15
'Donald','Duck,30000,53,2009-11-05,'Square',512,1970-08-16
'Daisy','Yellow',40000,54,2009-10-06,'Pants',513,1969-09-17
'Goofy','Dog',50000,55,2009-09-06,'Patrick',514,1968-10-18
'Pete','Cat',60000,56,2009-08-07,'Star',515,1967-11-19
'Pluto','White',70000,57,2009-07-08,'Squid',516,1966-01-20
'Huey','Red',80000,58,2009-06-08,'Ward',517,1965-01-21
'Dewey','Black',90000,59,2009-05-09,'Eugene',518,1964-02-22
'Louise','Brown',100000,60,2009-04-09,'Gary',519,1963-03-23
'Mickey','Mouse',10000,21,2023-06-06,'Sponge',520,2002-04-24
'Minnie','Pink',20000,22,2023-06-06,'Bob',521,2001-05-25
'Donald','Duck,30000,23,2023-06-06,'Square',522,2000-06-26
'Daisy','Yellow',40000,24,2023-06-06,'Pants',523,1999-07-27
'Goofy','Dog',50000,25,2023-06-06,'Patrick',524,1998-08-28
'Pete','Cat',60000,26,2023-06-06,'Star',525,1997-09-29
'Pluto','White',70000,27,2023-06-06,'Squid',526,1996-10-30
'Huey','Red',80000,28,2023-06-06,'Ward',527,1995-11-01
'Dewey','Black',90000,29,2023-06-06,'Eugene',528,1994-01-01
'Louise','Brown',100000,30,2023-06-06,'Gary',529,1993-01-02
'Mickey','Mouse',10000,31,2023-06-06,'Sponge',530,1992-02-03
'Minnie','Pink',20000,32,2023-06-06,'Bob',531,1991-03-04
'Donald','Duck,30000,33,2023-06-06,'Square',532,1990-04-05
'Daisy','Yellow',40000,34,2023-06-06,'Pants',533,1989-05-06
'Goofy','Dog',50000,35,2023-06-06,'Patrick',534,1988-06-07
'Pete','Cat',60000,36,2023-06-06,'Star',535,1987-07-08
'Pluto','White',70000,37,2007-11-16,'Squid',536,1986-08-09
'Huey','Red',80000,38,2007-10-17,'Ward',537,1985-09-10
'Dewey','Black',90000,39,2007-09-17,'Eugene',538,1984-10-11
'Louise','Brown',100000,40,2007-08-18,'Gary',539,1983-11-12
'Mickey','Mouse',10000,41,2007-07-19,'Sponge',540,1982-01-13
'Minnie','Pink',20000,42,2007-06-19,'Bob',541,1981-01-14
'Donald','Duck,30000,43,2007-05-20,'Square',542,1980-02-15
'Daisy','Yellow',40000,44,2007-04-20,'Pants',543,1979-03-16
'Goofy','Dog',50000,45,2007-03-21,'Patrick',544,1978-04-17
'Pete','Cat',60000,46,2007-02-19,'Star',545,1977-05-18
'Pluto','White',70000,47,2007-01-20,'Squid',546,1976-06-19
'Huey','Red',80000,48,2006-12-21,'Ward',547,1975-07-20
'Dewey','Black',90000,49,2006-11-21,'Eugene',548,1974-08-21
'Louise','Brown',100000,50,2006-10-22,'Gary',549,1973-09-22
'Mickey','Mouse',10000,51,2006-09-22,'Sponge',550,1972-10-23
'Minnie','Pink',20000,52,2006-08-23,'Bob',551,1971-11-24
'Donald','Duck,30000,53,2006-07-24,'Square',552,1970-01-25
'Daisy','Yellow',40000,54,2006-06-24,'Pants',553,1969-01-26
'Goofy','Dog',50000,55,2006-05-25,'Patrick',554,1968-02-27
'Pete','Cat',60000,56,2006-04-25,'Star',555,1967-03-28
'Pluto','White',70000,57,2006-03-26,'Squid',556,1966-04-29
'Huey','Red',80000,58,2006-02-24,'Ward',557,1965-05-30
'Dewey','Black',90000,59,2006-01-25,'Eugene',558,1964-06-01
'Louise','Brown',100000,60,2005-12-26,'Gary',559,1963-07-01
'Mickey','Mouse',10000,21,2023-06-06,'Sponge',560,2002-08-02
'Minnie','Pink',20000,22,2023-06-06,'Bob',561,2001-09-03
'Donald','Duck,30000,23,2023-06-06,'Square',562,2000-10-04
'Daisy','Yellow',40000,24,2023-06-06,'Pants',563,1999-11-05
'Goofy','Dog',50000,25,2023-06-06,'Patrick',564,1998-01-06
'Pete','Cat',60000,26,2023-06-06,'Star',565,1997-01-07
'Pluto','White',70000,27,2023-06-06,'Squid',566,1996-02-08
'Huey','Red',80000,28,2023-06-06,'Ward',567,1995-03-09
'Dewey','Black',90000,29,2023-06-06,'Eugene',568,1994-04-10
'Louise','Brown',100000,30,2023-06-06,'Gary',569,1993-05-11
'Mickey','Mouse',10000,31,2023-06-06,'Sponge',570,1992-06-12
'Minnie','Pink',20000,32,2023-06-06,'Bob',571,1991-07-13
'Donald','Duck,30000,33,2023-06-06,'Square',572,1990-08-14
'Daisy','Yellow',40000,34,2023-06-06,'Pants',573,1989-09-15
'Goofy','Dog',50000,35,2023-06-06,'Patrick',574,1988-10-16
'Pete','Cat',60000,36,2023-06-06,'Star',575,1987-11-17
'Pluto','White',70000,37,2023-06-06,'Squid',576,1986-01-18
'Huey','Red',80000,38,2023-06-06,'Ward',577,1985-01-19
'Dewey','Black',90000,39,2023-06-06,'Eugene',578,1984-02-20
'Louise','Brown',100000,40,2004-05-05,'Gary',579,1983-03-21
'Mickey','Mouse',10000,41,2004-04-05,'Sponge',580,1982-04-22
'Minnie','Pink',20000,42,2004-03-06,'Bob',581,1981-05-23
'Donald','Duck,30000,43,2004-02-05,'Square',582,1980-06-24
'Daisy','Yellow',40000,44,2004-01-06,'Pants',583,1979-07-25
'Goofy','Dog',50000,45,2003-12-07,'Patrick',584,1978-08-26
'Pete','Cat',60000,46,2003-11-07,'Star',585,1977-09-27
'Pluto','White',70000,47,2003-10-08,'Squid',586,1976-10-28
'Huey','Red',80000,48,2003-09-08,'Ward',587,1975-11-29
'Dewey','Black',90000,49,2003-08-09,'Eugene',588,1974-01-30
'Louise','Brown',100000,50,2003-07-10,'Gary',589,1973-01-01
'Mickey','Mouse',10000,51,2003-06-10,'Sponge',590,1972-02-01
'Minnie','Pink',20000,52,2003-05-11,'Bob',591,1971-03-02
'Donald','Duck,30000,53,2003-04-11,'Square',592,1970-04-03
'Daisy','Yellow',40000,54,2003-03-12,'Pants',593,1969-05-04
'Goofy','Dog',50000,55,2003-02-10,'Patrick',594,1968-06-05
'Pete','Cat',60000,56,2003-01-11,'Star',595,1967-07-06
'Pluto','White',70000,57,2002-12-12,'Squid',596,1966-08-07
'Huey','Red',80000,58,2002-11-12,'Ward',597,1965-09-08
'Dewey','Black',90000,59,2002-10-13,'Eugene',598,1964-10-09
'Louise','Brown',100000,60,2002-09-13,'Gary',599,1963-11-10
'Mickey','Mouse',10000,21,2023-06-06,'Sponge',600,2002-01-11
'Minnie','Pink',20000,22,2023-06-06,'Bob',601,2001-01-12
'Donald','Duck,30000,23,2023-06-06,'Square',602,2000-02-13
'Daisy','Yellow',40000,24,2023-06-06,'Pants',603,1999-03-14
'Goofy','Dog',50000,25,2023-06-06,'Patrick',604,1998-04-15
'Pete','Cat',60000,26,2023-06-06,'Star',605,1997-05-16
'Pluto','White',70000,27,2023-06-06,'Squid',606,1996-06-17
'Huey','Red',80000,28,2023-06-06,'Ward',607,1995-07-18
'Dewey','Black',90000,29,2023-06-06,'Eugene',608,1994-08-19
'Louise','Brown',100000,30,2023-06-06,'Gary',609,1993-09-20
'Mickey','Mouse',10000,31,2023-06-06,'Sponge',610,1992-10-21
'Minnie','Pink',20000,32,2023-06-06,'Bob',611,1991-11-22
'Donald','Duck,30000,33,2023-06-06,'Square',612,1990-01-23
'Daisy','Yellow',40000,34,2023-06-06,'Pants',613,1989-01-24
'Goofy','Dog',50000,35,2023-06-06,'Patrick',614,1988-02-25
'Pete','Cat',60000,36,2023-06-06,'Star',615,1987-03-26
'Pluto','White',70000,37,2023-06-06,'Squid',616,1986-04-27
'Huey','Red',80000,38,2023-06-06,'Ward',617,1985-05-28
'Dewey','Black',90000,39,2023-06-06,'Eugene',618,1984-06-29
'Louise','Brown',100000,40,2023-06-06,'Gary',619,1983-07-30
'Mickey','Mouse',10000,41,2023-06-06,'Sponge',620,1982-08-01
'Minnie','Pink',20000,42,2023-06-06,'Bob',621,1981-09-01
'Donald','Duck,30000,43,2023-06-06,'Square',622,1980-10-02
'Daisy','Yellow',40000,44,2000-09-23,'Pants',623,1979-11-03
'Goofy','Dog',50000,45,2000-08-24,'Patrick',624,1978-01-04
'Pete','Cat',60000,46,2000-07-25,'Star',625,1977-01-05
'Pluto','White',70000,47,2000-06-25,'Squid',626,1976-02-06
'Huey','Red',80000,48,2000-05-26,'Ward',627,1975-03-07
'Dewey','Black',90000,49,2000-04-26,'Eugene',628,1974-04-08
'Louise','Brown',100000,50,2000-03-27,'Gary',629,1973-05-09
'Mickey','Mouse',10000,51,2000-02-26,'Sponge',630,1972-06-10
'Minnie','Pink',20000,52,2000-01-27,'Bob',631,1971-07-11
'Donald','Duck,30000,53,1999-12-28,'Square',632,1970-08-12
'Daisy','Yellow',40000,54,1999-11-28,'Pants',633,1969-09-13
'Goofy','Dog',50000,55,1999-10-29,'Patrick',634,1968-10-14
'Pete','Cat',60000,56,1999-09-29,'Star',635,1967-11-15
'Pluto','White',70000,57,1999-08-30,'Squid',636,1966-01-16
'Huey','Red',80000,58,1999-07-31,'Ward',637,1965-01-17
'Dewey','Black',90000,59,1999-07-01,'Eugene',638,1964-02-18
'Louise','Brown',100000,60,1999-06-01,'Gary',639,1963-03-19
'Mickey','Mouse',10000,21,2023-06-06,'Sponge',640,2002-04-20
'Minnie','Pink',20000,22,2023-06-06,'Bob',641,2001-05-21
'Donald','Duck,30000,23,2023-06-06,'Square',642,2000-06-22
'Daisy','Yellow',40000,24,2023-06-06,'Pants',643,1999-07-23
'Goofy','Dog',50000,25,2023-06-06,'Patrick',644,1998-08-24
'Pete','Cat',60000,26,2023-06-06,'Star',645,1997-09-25
'Pluto','White',70000,27,2023-06-06,'Squid',646,1996-10-26
'Huey','Red',80000,28,2023-06-06,'Ward',647,1995-11-27
'Dewey','Black',90000,29,2023-06-06,'Eugene',648,1994-01-28
'Louise','Brown',100000,30,2023-06-06,'Gary',649,1993-01-29
'Mickey','Mouse',10000,31,2023-06-06,'Sponge',650,1992-02-28
'Minnie','Pink',20000,32,2023-06-06,'Bob',651,1991-03-01
'Donald','Duck,30000,33,2023-06-06,'Square',652,1990-04-01
'Daisy','Yellow',40000,34,2023-06-06,'Pants',653,1989-05-02
'Goofy','Dog',50000,35,2023-06-06,'Patrick',654,1988-06-03
'Pete','Cat',60000,36,2023-06-06,'Star',655,1987-07-04
'Pluto','White',70000,37,2023-06-06,'Squid',656,1986-08-05
'Huey','Red',80000,38,2023-06-06,'Ward',657,1985-09-06
'Dewey','Black',90000,39,2023-06-06,'Eugene',658,1984-10-07
'Louise','Brown',100000,40,2023-06-06,'Gary',659,1983-11-08
'Mickey','Mouse',10000,41,2023-06-06,'Sponge',660,1982-01-09
'Minnie','Pink',20000,42,2023-06-06,'Bob',661,1981-01-10
'Donald','Duck,30000,43,2023-06-06,'Square',662,1980-02-11
'Daisy','Yellow',40000,44,2023-06-06,'Pants',663,1979-03-12
'Goofy','Dog',50000,45,2023-06-06,'Patrick',664,1978-04-13
'Pete','Cat',60000,46,2023-06-06,'Star',665,1977-05-14
'Pluto','White',70000,47,1997-03-13,'Squid',666,1976-06-15
'Huey','Red',80000,48,1997-02-11,'Ward',667,1975-07-16
'Dewey','Black',90000,49,1997-01-12,'Eugene',668,1974-08-17
'Louise','Brown',100000,50,1996-12-13,'Gary',669,1973-09-18
'Mickey','Mouse',10000,51,1996-11-13,'Sponge',670,1972-10-19
'Minnie','Pink',20000,52,1996-10-14,'Bob',671,1971-11-20
'Donald','Duck,30000,53,1996-09-14,'Square',672,1970-01-21
'Daisy','Yellow',40000,54,1996-08-15,'Pants',673,1969-01-22
'Goofy','Dog',50000,55,1996-07-16,'Patrick',674,1968-02-23
'Pete','Cat',60000,56,1996-06-16,'Star',675,1967-03-24
'Pluto','White',70000,57,1996-05-17,'Squid',676,1966-04-25
'Huey','Red',80000,58,1996-04-17,'Ward',677,1965-05-26
'Dewey','Black',90000,59,1996-03-18,'Eugene',678,1964-06-27
'Louise','Brown',100000,60,1996-02-17,'Gary',679,1963-07-28
'Mickey','Mouse',10000,21,2023-06-06,'Sponge',680,2002-08-29
'Minnie','Pink',20000,22,2023-06-06,'Bob',681,2001-09-30
'Donald','Duck,30000,23,2023-06-06,'Square',682,2000-10-01
'Daisy','Yellow',40000,24,2023-06-06,'Pants',683,1999-11-01
'Goofy','Dog',50000,25,2023-06-06,'Patrick',684,1998-01-02
'Pete','Cat',60000,26,2023-06-06,'Star',685,1997-01-03
'Pluto','White',70000,27,2023-06-06,'Squid',686,1996-02-04
'Huey','Red',80000,28,2023-06-06,'Ward',687,1995-03-05
'Dewey','Black',90000,29,2023-06-06,'Eugene',688,1994-04-06
'Louise','Brown',100000,30,2023-06-06,'Gary',689,1993-05-07
'Mickey','Mouse',10000,31,2023-06-06,'Sponge',690,1992-06-08
'Minnie','Pink',20000,32,2023-06-06,'Bob',691,1991-07-09
'Donald','Duck,30000,33,2023-06-06,'Square',692,1990-08-10
'Daisy','Yellow',40000,34,2023-06-06,'Pants',693,1989-09-11
'Goofy','Dog',50000,35,2023-05-07,'Patrick',694,1988-10-12
'Pete','Cat',60000,36,2023-04-07,'Star',695,1987-11-13
'Pluto','White',70000,37,2023-03-08,'Squid',696,1986-01-14
'Huey','Red',80000,38,2023-02-06,'Ward',697,1985-01-15
'Dewey','Black',90000,39,2023-01-07,'Eugene',698,1984-02-16
'Louise','Brown',100000,40,2022-12-08,'Gary',699,1983-03-17
'Mickey','Mouse',10000,41,2022-11-08,'Sponge',700,1982-04-18
'Minnie','Pink',20000,42,2022-10-09,'Bob',701,1981-05-19
'Donald','Duck,30000,43,2022-09-09,'Square',702,1980-06-20
'Daisy','Yellow',40000,44,2022-08-10,'Pants',703,1979-07-21
'Goofy','Dog',50000,45,2022-07-11,'Patrick',704,1978-08-22
'Pete','Cat',60000,46,2022-06-11,'Star',705,1977-09-23
'Pluto','White',70000,47,2022-05-12,'Squid',706,1976-10-24
'Huey','Red',80000,48,2022-04-12,'Ward',707,1975-11-25
'Dewey','Black',90000,49,2022-03-13,'Eugene',708,1974-01-26
'Louise','Brown',100000,50,2022-02-11,'Gary',709,1973-01-27
'Mickey','Mouse',10000,51,2022-01-12,'Sponge',710,1972-02-28
'Minnie','Pink',20000,52,2021-12-13,'Bob',711,1971-03-29
'Donald','Duck,30000,53,2021-11-13,'Square',712,1970-04-30
'Daisy','Yellow',40000,54,2021-10-14,'Pants',713,1969-05-01
'Goofy','Dog',50000,55,2021-09-14,'Patrick',714,1968-06-01
'Pete','Cat',60000,56,2021-08-15,'Star',715,1967-07-02
'Pluto','White',70000,57,2021-07-16,'Squid',716,1966-08-03
'Huey','Red',80000,58,2021-06-16,'Ward',717,1965-09-04
'Dewey','Black',90000,59,2021-05-17,'Eugene',718,1964-10-05
'Louise','Brown',100000,60,2021-04-17,'Gary',719,1963-11-06
'Mickey','Mouse',10000,21,2023-05-18,'Sponge',720,2002-01-07
'Minnie','Pink',20000,22,2023-05-18,'Bob',721,2001-01-08
'Donald','Duck,30000,23,2021-01-17,'Square',722,2000-02-09
'Daisy','Yellow',40000,24,2020-12-18,'Pants',723,1999-03-10
'Goofy','Dog',50000,25,2020-11-18,'Patrick',724,1998-04-11
'Pete','Cat',60000,26,2020-10-19,'Star',725,1997-05-12
'Pluto','White',70000,27,2020-09-19,'Squid',726,1996-06-13
'Huey','Red',80000,28,2020-08-20,'Ward',727,1995-07-14
'Dewey','Black',90000,29,2020-07-21,'Eugene',728,1994-08-15
'Louise','Brown',100000,30,2020-06-21,'Gary',729,1993-09-16
'Mickey','Mouse',10000,31,2020-05-22,'Sponge',730,1992-10-17
'Minnie','Pink',20000,32,2020-04-22,'Bob',731,1991-11-18
'Donald','Duck,30000,33,2020-03-23,'Square',732,1990-01-19
'Daisy','Yellow',40000,34,2020-02-22,'Pants',733,1989-01-20
'Goofy','Dog',50000,35,2020-01-23,'Patrick',734,1988-02-21
'Pete','Cat',60000,36,2019-12-24,'Star',735,1987-03-22
'Pluto','White',70000,37,2019-11-24,'Squid',736,1986-04-23
'Huey','Red',80000,38,2019-10-25,'Ward',737,1985-05-24
'Dewey','Black',90000,39,2019-09-25,'Eugene',738,1984-06-25
'Louise','Brown',100000,40,2019-08-26,'Gary',739,1983-07-26
'Mickey','Mouse',10000,41,2019-07-27,'Sponge',740,1982-08-27
'Minnie','Pink',20000,42,2019-06-27,'Bob',741,1981-09-28
'Donald','Duck,30000,43,2019-05-28,'Square',742,1980-10-29
'Daisy','Yellow',40000,44,2019-04-28,'Pants',743,1979-11-30
'Goofy','Dog',50000,45,2019-03-29,'Patrick',744,1978-01-01
'Pete','Cat',60000,46,2019-02-27,'Star',745,1977-01-01
'Pluto','White',70000,47,2019-01-28,'Squid',746,1976-02-02
'Huey','Red',80000,48,2018-12-29,'Ward',747,1975-03-03
'Dewey','Black',90000,49,2018-11-29,'Eugene',748,1974-04-04
'Louise','Brown',100000,50,2018-10-30,'Gary',749,1973-05-05
'Mickey','Mouse',10000,51,2018-09-30,'Sponge',750,1972-06-06
'Minnie','Pink',20000,52,2018-08-31,'Bob',751,1971-07-07
'Donald','Duck,30000,53,2018-08-01,'Square',752,1970-08-08
'Daisy','Yellow',40000,54,2018-07-02,'Pants',753,1969-09-09
'Goofy','Dog',50000,55,2018-06-02,'Patrick',754,1968-10-10
'Pete','Cat',60000,56,2018-05-03,'Star',755,1967-11-11
'Pluto','White',70000,57,2018-04-03,'Squid',756,1966-01-12
'Huey','Red',80000,58,2018-03-04,'Ward',757,1965-01-13
'Dewey','Black',90000,59,2018-02-02,'Eugene',758,1964-02-14
'Louise','Brown',100000,60,2018-01-03,'Gary',759,1963-03-15
'Mickey','Mouse',10000,21,2023-05-18,'Sponge',760,2002-04-16
'Minnie','Pink',20000,22,2023-05-18,'Bob',761,2001-05-17
'Donald','Duck,30000,23,2023-05-18,'Square',762,2000-06-18
'Daisy','Yellow',40000,24,2023-05-18,'Pants',763,1999-07-19
'Goofy','Dog',50000,25,2023-05-18,'Patrick',764,1998-08-20
'Pete','Cat',60000,26,2023-05-18,'Star',765,1997-09-21
'Pluto','White',70000,27,2017-06-07,'Squid',766,1996-10-22
'Huey','Red',80000,28,2017-05-08,'Ward',767,1995-11-23
'Dewey','Black',90000,29,2017-04-08,'Eugene',768,1994-01-24
'Louise','Brown',100000,30,2017-03-09,'Gary',769,1993-01-25
'Mickey','Mouse',10000,31,2017-02-07,'Sponge',770,1992-02-26
'Minnie','Pink',20000,32,2017-01-08,'Bob',771,1991-03-27
'Donald','Duck,30000,33,2016-12-09,'Square',772,1990-04-28
'Daisy','Yellow',40000,34,2016-11-09,'Pants',773,1989-05-29
'Goofy','Dog',50000,35,2016-10-10,'Patrick',774,1988-06-30
'Pete','Cat',60000,36,2016-09-10,'Star',775,1987-07-01
'Pluto','White',70000,37,2016-08-11,'Squid',776,1986-08-01
'Huey','Red',80000,38,2016-07-12,'Ward',777,1985-09-02
'Dewey','Black',90000,39,2016-06-12,'Eugene',778,1984-10-03
'Louise','Brown',100000,40,2016-05-13,'Gary',779,1983-11-04
'Mickey','Mouse',10000,41,2016-04-13,'Sponge',780,1982-01-05
'Minnie','Pink',20000,42,2016-03-14,'Bob',781,1981-01-06
'Donald','Duck,30000,43,2016-02-13,'Square',782,1980-02-07
'Daisy','Yellow',40000,44,2016-01-14,'Pants',783,1979-03-08
'Goofy','Dog',50000,45,2015-12-15,'Patrick',784,1978-04-09
'Pete','Cat',60000,46,2015-11-15,'Star',785,1977-05-10
'Pluto','White',70000,47,2015-10-16,'Squid',786,1976-06-11
'Huey','Red',80000,48,2015-09-16,'Ward',787,1975-07-12
'Dewey','Black',90000,49,2015-08-17,'Eugene',788,1974-08-13
'Louise','Brown',100000,50,2015-07-18,'Gary',789,1973-09-14
'Mickey','Mouse',10000,51,2015-06-18,'Sponge',790,1972-10-15
'Minnie','Pink',20000,52,2015-05-19,'Bob',791,1971-11-16
'Donald','Duck,30000,53,2015-04-19,'Square',792,1970-01-17
'Daisy','Yellow',40000,54,2015-03-20,'Pants',793,1969-01-18
'Goofy','Dog',50000,55,2015-02-18,'Patrick',794,1968-02-19
'Pete','Cat',60000,56,2015-01-19,'Star',795,1967-03-20
'Pluto','White',70000,57,2014-12-20,'Squid',796,1966-04-21
'Huey','Red',80000,58,2014-11-20,'Ward',797,1965-05-22
'Dewey','Black',90000,59,2014-10-21,'Eugene',798,1964-06-23
'Louise','Brown',100000,60,2014-09-21,'Gary',799,1963-07-24
'Mickey','Mouse',10000,21,2023-05-18,'Sponge',800,2002-08-25
'Minnie','Pink',20000,22,2023-05-18,'Bob',801,2001-09-26
'Donald','Duck,30000,23,2023-05-18,'Square',802,2000-10-27
'Daisy','Yellow',40000,24,2023-05-18,'Pants',803,1999-11-28
'Goofy','Dog',50000,25,2023-05-18,'Patrick',804,1998-01-29
'Pete','Cat',60000,26,2023-05-18,'Star',805,1997-01-30
'Pluto','White',70000,27,2023-05-18,'Squid',806,1996-02-01
'Huey','Red',80000,28,2023-05-18,'Ward',807,1995-03-01
'Dewey','Black',90000,29,2023-05-18,'Eugene',808,1994-04-02
'Louise','Brown',100000,30,2023-05-18,'Gary',809,1993-05-03
'Mickey','Mouse',10000,31,2013-10-26,'Sponge',810,1992-06-04
'Minnie','Pink',20000,32,2013-09-26,'Bob',811,1991-07-05
'Donald','Duck,30000,33,2013-08-27,'Square',812,1990-08-06
'Daisy','Yellow',40000,34,2013-07-28,'Pants',813,1989-09-07
'Goofy','Dog',50000,35,2013-06-28,'Patrick',814,1988-10-08
'Pete','Cat',60000,36,2013-05-29,'Star',815,1987-11-09
'Pluto','White',70000,37,2013-04-29,'Squid',816,1986-01-10
'Huey','Red',80000,38,2013-03-30,'Ward',817,1985-01-11
'Dewey','Black',90000,39,2013-02-28,'Eugene',818,1984-02-12
'Louise','Brown',100000,40,2013-01-29,'Gary',819,1983-03-13
'Mickey','Mouse',10000,41,2012-12-30,'Sponge',820,1982-04-14
'Minnie','Pink',20000,42,2012-11-30,'Bob',821,1981-05-15
'Donald','Duck,30000,43,2012-10-31,'Square',822,1980-06-16
'Daisy','Yellow',40000,44,2012-10-01,'Pants',823,1979-07-17
'Goofy','Dog',50000,45,2012-09-01,'Patrick',824,1978-08-18
'Pete','Cat',60000,46,2012-08-02,'Star',825,1977-09-19
'Pluto','White',70000,47,2012-07-03,'Squid',826,1976-10-20
'Huey','Red',80000,48,2012-06-03,'Ward',827,1975-11-21
'Dewey','Black',90000,49,2012-05-04,'Eugene',828,1974-01-22
'Louise','Brown',100000,50,2012-04-04,'Gary',829,1973-01-23
'Mickey','Mouse',10000,51,2012-03-05,'Sponge',830,1972-02-24
'Minnie','Pink',20000,52,2012-02-04,'Bob',831,1971-03-25
'Donald','Duck,30000,53,2012-01-05,'Square',832,1970-04-26
'Daisy','Yellow',40000,54,2011-12-06,'Pants',833,1969-05-27
'Goofy','Dog',50000,55,2011-11-06,'Patrick',834,1968-06-28
'Pete','Cat',60000,56,2011-10-07,'Star',835,1967-07-29
'Pluto','White',70000,57,2011-09-07,'Squid',836,1966-08-30
'Huey','Red',80000,58,2011-08-08,'Ward',837,1965-09-01
'Dewey','Black',90000,59,2011-07-09,'Eugene',838,1964-10-01
'Louise','Brown',100000,60,2011-06-09,'Gary',839,1963-11-02
'Mickey','Mouse',10000,21,2023-05-18,'Sponge',840,2002-01-03
'Minnie','Pink',20000,22,2023-05-18,'Bob',841,2001-01-04
'Donald','Duck,30000,23,2023-05-18,'Square',842,2000-02-05
'Daisy','Yellow',40000,24,2023-05-18,'Pants',843,1999-03-06
'Goofy','Dog',50000,25,2023-05-18,'Patrick',844,1998-04-07
'Pete','Cat',60000,26,2023-05-18,'Star',845,1997-05-08
'Pluto','White',70000,27,2023-05-18,'Squid',846,1996-06-09
'Huey','Red',80000,28,2023-05-18,'Ward',847,1995-07-10
'Dewey','Black',90000,29,2023-05-18,'Eugene',848,1994-08-11
'Louise','Brown',100000,30,2023-05-18,'Gary',849,1993-09-12
'Mickey','Mouse',10000,31,2023-05-18,'Sponge',850,1992-10-13
'Minnie','Pink',20000,32,2023-05-18,'Bob',851,1991-11-14
'Donald','Duck,30000,33,2023-05-18,'Square',852,1990-01-15
'Daisy','Yellow',40000,34,2010-04-15,'Pants',853,1989-01-16
'Goofy','Dog',50000,35,2010-03-16,'Patrick',854,1988-02-17
'Pete','Cat',60000,36,2010-02-14,'Star',855,1987-03-18
'Pluto','White',70000,37,2010-01-15,'Squid',856,1986-04-19
'Huey','Red',80000,38,2009-12-16,'Ward',857,1985-05-20
'Dewey','Black',90000,39,2009-11-16,'Eugene',858,1984-06-21
'Louise','Brown',100000,40,2009-10-17,'Gary',859,1983-07-22
'Mickey','Mouse',10000,41,2009-09-17,'Sponge',860,1982-08-23
'Minnie','Pink',20000,42,2009-08-18,'Bob',861,1981-09-24
'Donald','Duck,30000,43,2009-07-19,'Square',862,1980-10-25
'Daisy','Yellow',40000,44,2009-06-19,'Pants',863,1979-11-26
'Goofy','Dog',50000,45,2009-05-20,'Patrick',864,1978-01-27
'Pete','Cat',60000,46,2009-04-20,'Star',865,1977-01-28
'Pluto','White',70000,47,2009-03-21,'Squid',866,1976-02-28
'Huey','Red',80000,48,2009-02-19,'Ward',867,1975-03-30
'Dewey','Black',90000,49,2009-01-20,'Eugene',868,1974-04-01
'Louise','Brown',100000,50,2008-12-21,'Gary',869,1973-05-01
'Mickey','Mouse',10000,51,2008-11-21,'Sponge',870,1972-06-02
'Minnie','Pink',20000,52,2008-10-22,'Bob',871,1971-07-03
'Donald','Duck,30000,53,2008-09-22,'Square',872,1970-08-04
'Daisy','Yellow',40000,54,2008-08-23,'Pants',873,1969-09-05
'Goofy','Dog',50000,55,2008-07-24,'Patrick',874,1968-10-06
'Pete','Cat',60000,56,2008-06-24,'Star',875,1967-11-07
'Pluto','White',70000,57,2008-05-25,'Squid',876,1966-01-08
'Huey','Red',80000,58,2008-04-25,'Ward',877,1965-01-09
'Dewey','Black',90000,59,2008-03-26,'Eugene',878,1964-02-10
'Louise','Brown',100000,60,2008-02-25,'Gary',879,1963-03-11
'Mickey','Mouse',10000,21,2023-05-18,'Sponge',880,2002-04-12
'Minnie','Pink',20000,22,2023-05-18,'Bob',881,2001-05-13
'Donald','Duck,30000,23,2023-05-18,'Square',882,2000-06-14
'Daisy','Yellow',40000,24,2023-05-18,'Pants',883,1999-07-15
'Goofy','Dog',50000,25,2023-05-18,'Patrick',884,1998-08-16
'Pete','Cat',60000,26,2023-05-18,'Star',885,1997-09-17
'Pluto','White',70000,27,2023-05-18,'Squid',886,1996-10-18
'Huey','Red',80000,28,2023-05-18,'Ward',887,1995-11-19
'Dewey','Black',90000,29,2023-05-18,'Eugene',888,1994-01-20
'Louise','Brown',100000,30,2023-05-18,'Gary',889,1993-01-21
'Mickey','Mouse',10000,31,2023-05-18,'Sponge',890,1992-02-22
'Minnie','Pink',20000,32,2023-05-18,'Bob',891,1991-03-23
'Donald','Duck,30000,33,2023-05-18,'Square',892,1990-04-24
'Daisy','Yellow',40000,34,2023-05-18,'Pants',893,1989-05-25
'Goofy','Dog',50000,35,2023-05-18,'Patrick',894,1988-06-26
'Pete','Cat',60000,36,2023-05-18,'Star',895,1987-07-27
'Pluto','White',70000,37,2023-05-18,'Squid',896,1986-08-28
'Huey','Red',80000,38,2006-09-03,'Ward',897,1985-09-29
'Dewey','Black',90000,39,2006-08-04,'Eugene',898,1984-10-30
'Louise','Brown',100000,40,2006-07-05,'Gary',899,1983-11-01
'Mickey','Mouse',10000,41,2006-06-05,'Sponge',900,1982-01-01
'Minnie','Pink',20000,42,2006-05-06,'Bob',901,1981-01-02
'Donald','Duck,30000,43,2006-04-06,'Square',902,1980-02-03
'Daisy','Yellow',40000,44,2006-03-07,'Pants',903,1979-03-04
'Goofy','Dog',50000,45,2006-02-05,'Patrick',904,1978-04-05
'Pete','Cat',60000,46,2006-01-06,'Star',905,1977-05-06
'Pluto','White',70000,47,2005-12-07,'Squid',906,1976-06-07
'Huey','Red',80000,48,2005-11-07,'Ward',907,1975-07-08
'Dewey','Black',90000,49,2005-10-08,'Eugene',908,1974-08-09
'Louise','Brown',100000,50,2005-09-08,'Gary',909,1973-09-10
'Mickey','Mouse',10000,51,2005-08-09,'Sponge',910,1972-10-11
'Minnie','Pink',20000,52,2005-07-10,'Bob',911,1971-11-12
'Donald','Duck,30000,53,2005-06-10,'Square',912,1970-01-13
'Daisy','Yellow',40000,54,2005-05-11,'Pants',913,1969-01-14
'Goofy','Dog',50000,55,2005-04-11,'Patrick',914,1968-02-15
'Pete','Cat',60000,56,2005-03-12,'Star',915,1967-03-16
'Pluto','White',70000,57,2005-02-10,'Squid',916,1966-04-17
'Huey','Red',80000,58,2005-01-11,'Ward',917,1965-05-18
'Dewey','Black',90000,59,2004-12-12,'Eugene',918,1964-06-19
'Louise','Brown',100000,60,2004-11-12,'Gary',919,1963-07-20
'Mickey','Mouse',10000,21,2023-05-18,'Sponge',920,2002-08-21
'Minnie','Pink',20000,22,2023-05-18,'Bob',921,2001-09-22
'Donald','Duck,30000,23,2023-05-18,'Square',922,2000-10-23
'Daisy','Yellow',40000,24,2023-05-18,'Pants',923,1999-11-24
'Goofy','Dog',50000,25,2023-05-18,'Patrick',924,1998-01-25
'Pete','Cat',60000,26,2023-05-18,'Star',925,1997-01-26
'Pluto','White',70000,27,2023-05-18,'Squid',926,1996-02-27
'Huey','Red',80000,28,2023-05-18,'Ward',927,1995-03-28
'Dewey','Black',90000,29,2023-05-18,'Eugene',928,1994-04-29
'Louise','Brown',100000,30,2023-05-18,'Gary',929,1993-05-30
'Mickey','Mouse',10000,31,2023-05-18,'Sponge',930,1992-06-01
'Minnie','Pink',20000,32,2023-05-18,'Bob',931,1991-07-01
'Donald','Duck,30000,33,2023-05-18,'Square',932,1990-08-02
'Daisy','Yellow',40000,34,2023-05-18,'Pants',933,1989-09-03
'Goofy','Dog',50000,35,2023-05-18,'Patrick',934,1988-10-04
'Pete','Cat',60000,36,2023-05-18,'Star',935,1987-11-05
'Pluto','White',70000,37,2023-05-18,'Squid',936,1986-01-06
'Huey','Red',80000,38,2023-05-18,'Ward',937,1985-01-07
'Dewey','Black',90000,39,2023-05-18,'Eugene',938,1984-02-08
'Louise','Brown',100000,40,2023-05-18,'Gary',939,1983-03-09
'Mickey','Mouse',10000,41,2003-02-21,'Sponge',940,1982-04-10
'Minnie','Pink',20000,42,2003-01-22,'Bob',941,1981-05-11
'Donald','Duck,30000,43,2002-12-23,'Square',942,1980-06-12
'Daisy','Yellow',40000,44,2002-11-23,'Pants',943,1979-07-13
'Goofy','Dog',50000,45,2002-10-24,'Patrick',944,1978-08-14
'Pete','Cat',60000,46,2002-09-24,'Star',945,1977-09-15
'Pluto','White',70000,47,2002-08-25,'Squid',946,1976-10-16
'Huey','Red',80000,48,2002-07-26,'Ward',947,1975-11-17
'Dewey','Black',90000,49,2002-06-26,'Eugene',948,1974-01-18
'Louise','Brown',100000,50,2002-05-27,'Gary',949,1973-01-19
'Mickey','Mouse',10000,51,2002-04-27,'Sponge',950,1972-02-20
'Minnie','Pink',20000,52,2002-03-28,'Bob',951,1971-03-21
'Donald','Duck,30000,53,2002-02-26,'Square',952,1970-04-22
'Daisy','Yellow',40000,54,2002-01-27,'Pants',953,1969-05-23
'Goofy','Dog',50000,55,2001-12-28,'Patrick',954,1968-06-24
'Pete','Cat',60000,56,2001-11-28,'Star',955,1967-07-25
'Pluto','White',70000,57,2001-10-29,'Squid',956,1966-08-26
'Huey','Red',80000,58,2001-09-29,'Ward',957,1965-09-27
'Dewey','Black',90000,59,2001-08-30,'Eugene',958,1964-10-28
'Louise','Brown',100000,60,2001-07-31,'Gary',959,1963-11-29
'Mickey','Mouse',10000,21,2023-05-18,'Sponge',960,2002-01-30
'Minnie','Pink',20000,22,2023-05-18,'Bob',961,2001-01-01
'Donald','Duck,30000,23,2023-05-18,'Square',962,2000-02-01
'Daisy','Yellow',40000,24,2023-05-18,'Pants',963,1999-03-02
'Goofy','Dog',50000,25,2023-05-18,'Patrick',964,1998-04-03
'Pete','Cat',60000,26,2023-05-18,'Star',965,1997-05-04
'Pluto','White',70000,27,2023-05-18,'Squid',966,1996-06-05
'Huey','Red',80000,28,2023-05-18,'Ward',967,1995-07-06
'Dewey','Black',90000,29,2023-05-18,'Eugene',968,1994-08-07
'Louise','Brown',100000,30,2023-05-18,'Gary',969,1993-09-08
'Mickey','Mouse',10000,31,2023-05-18,'Sponge',970,1992-10-09
'Minnie','Pink',20000,32,2023-05-18,'Bob',971,1991-11-10
'Donald','Duck,30000,33,2023-05-18,'Square',972,1990-01-11
'Daisy','Yellow',40000,34,2023-05-18,'Pants',973,1989-01-12
'Goofy','Dog',50000,35,2023-05-18,'Patrick',974,1988-02-13
'Pete','Cat',60000,36,2023-05-18,'Star',975,1987-03-14
'Pluto','White',70000,37,2023-05-18,'Squid',976,1986-04-15
'Huey','Red',80000,38,2023-05-18,'Ward',977,1985-05-16
'Dewey','Black',90000,39,2023-05-18,'Eugene',978,1984-06-17
'Louise','Brown',100000,40,2023-05-18,'Gary',979,1983-07-18
'Mickey','Mouse',10000,41,2023-05-18,'Sponge',980,1982-08-19
'Minnie','Pink',20000,42,2023-05-18,'Bob',981,1981-09-20
'Donald','Duck,30000,43,2023-05-18,'Square',982,1980-10-21
'Daisy','Yellow',40000,44,2023-05-18,'Pants',983,1979-11-22
'Goofy','Dog',50000,45,1999-07-12,'Patrick',984,1978-01-23
'Pete','Cat',60000,46,1999-06-12,'Star',985,1977-01-24
'Pluto','White',70000,47,1999-05-13,'Squid',986,1976-02-25
'Huey','Red',80000,48,1999-04-13,'Ward',987,1975-03-26
'Dewey','Black',90000,49,1999-03-14,'Eugene',988,1974-04-27
'Louise','Brown',100000,50,1999-02-12,'Gary',989,1973-05-28
'Mickey','Mouse',10000,51,1999-01-13,'Sponge',990,1972-06-29
'Minnie','Pink',20000,52,1998-12-14,'Bob',991,1971-07-30
'Donald','Duck,30000,53,1998-11-14,'Square',992,1970-08-01
'Daisy','Yellow',40000,54,1998-10-15,'Pants',993,1969-09-01
'Goofy','Dog',50000,55,1998-09-15,'Patrick',994,1968-10-02
'Pete','Cat',60000,56,1998-08-16,'Star',995,1967-11-03
'Pluto','White',70000,57,1998-07-17,'Squid',996,1966-01-04
'Huey','Red',80000,58,1998-06-17,'Ward',997,1965-01-05
'Dewey','Black',90000,59,1998-05-18,'Eugene',998,1964-02-06
'Louise','Brown',100000,60,1998-04-18,'Gary',999,1963-03-07
